,PC1,PC2,PC3,PC4
0,161235162.74291152,-256447635.393755,-19246718.184746444,10457816.237190962
1,239937028.51643518,-236235029.7523608,-15275601.941910246,9290423.786772918
2,10212517.153687565,-295234024.3594107,-26866975.65947211,12697949.867699275
3,185762800.44836393,-250148325.16288906,-18009109.653701387,10093995.39504812
4,132065257.91873765,-263939195.81628078,-20718564.90287464,10890496.280242862
5,-98932220.50690347,-323265120.1725036,-32374169.62856247,14316904.40575927
6,-100050806.45791404,-323552400.9946489,-32430610.918681912,14333496.500260705
7,-125989541.69478631,-330214116.3304469,-33739420.20554422,14718248.289704358
8,-31324127.264467686,-305901672.5153885,-28962819.78846043,13314066.96521499
9,-57723297.396429166,-312681639.03705746,-30294861.56762377,13705648.430361418
10,303815599.108649,-219829416.7007996,-12052435.289446723,8342906.719421043
11,126198775.66719067,-265445855.04331833,-21014574.18713314,10977514.383608738
12,291995964.5076559,-222864994.20162693,-12648827.032985084,8518228.512167424
13,528079894.30375177,-162232742.0391361,-736571.5982310283,5016372.5574169
14,345292657.83449405,-209177071.63945034,-9959597.71826292,7727673.46228222
15,348708001.3798313,-208299926.0783726,-9787267.290077342,7677013.33839286
16,41216036.23653534,-287271545.979019,-25302608.95727627,12238071.645516988
17,263960896.27784392,-230065100.23072952,-14063412.490653861,8934075.41333198
18,311415483.3181738,-217877576.53870505,-11668962.504738187,8230176.895754211
19,118379507.77234943,-267454038.417477,-21409116.571069002,11093498.346858764
20,102537838.9407251,-271522574.8066473,-22208450.967942487,11328479.365596985
21,17297797.6569364,-293414347.2874071,-26509468.601453044,12592853.210994367
22,277963533.96967125,-226468872.9898319,-13356871.401264885,8726372.92284188
23,432038592.0692801,-186898548.22137153,-5582596.168756176,6440962.559880483
24,821626099.006963,-86842741.87994237,14075098.8757095,662173.074952572
25,1199025623.42758,10082886.011962458,33117816.18279593,-4935830.876666718
26,529932467.64634067,-161756954.91479367,-643094.9821247502,4988893.15634514
27,398960407.5179669,-195393852.53337857,-7251645.748001378,6931614.497279351
28,210794208.0978497,-243719634.22276303,-16746082.04281934,9722702.084186375
29,157914614.61714655,-257300435.12243113,-19414265.45272845,10507070.251367953
30,312344478.43002963,-217638987.3813291,-11622087.534976058,8216397.020659128
31,315702944.7236207,-216776449.31968245,-11452627.002898244,8166580.562591871
32,334897662.96771747,-211846766.05928767,-10484105.397385763,7881863.434912305
33,569998428.8407704,-151467014.95839176,1378541.8332197336,4394590.846515335
34,818776819.5385287,-87574508.04191889,13931330.746884076,704436.7151831568
35,761682892.5474807,-102237655.08991131,11050501.701561179,1551316.502326551
36,307388032.2064235,-218911926.6174689,-11872178.481510248,8289916.470871293
37,591549490.3714994,-145932163.86442235,2465959.1346255434,4074921.849062771
38,400650474.4269999,-194959801.12171122,-7166368.835084802,6906545.569993887
39,222307788.91563642,-240762658.98077938,-16165133.073575152,9551920.017054187
40,366757049.2673225,-203664479.59222844,-8876553.591870824,7409290.050841551
41,425625004.82474333,-188545717.6810276,-5906211.120329398,6536095.924961017
42,243845308.2435675,-235231285.86286145,-15078399.080760704,9232451.89241434
43,206661127.804284,-244781112.5147537,-16954627.82664483,9784008.4672574
44,311320687.89859515,-217901922.37108558,-11673745.664910164,8231583.005454979
45,435751864.0761443,-185944887.18707862,-5395232.9514270155,6385883.234063051
46,545858098.1353036,-157666855.07407883,160475.92805646732,4752666.726153163
47,404496460.0212723,-193972055.9220802,-6972309.193506053,6849497.69059221
48,328782004.1847094,-213417420.04573426,-10792687.559824917,7972577.59806819
49,105725673.47907576,-270703859.24328935,-22047600.12418034,11281193.9049933
50,161056405.66598865,-256493544.67766142,-19255737.858198296,10460467.758335214
51,143754887.37287593,-260937006.8855635,-20128732.921837904,10717102.866507513
52,335864576.2474034,-211598438.56895524,-10435317.163547926,7867521.115934416
53,422125699.6220639,-189444426.69363943,-6082778.061805308,6588001.46029788
54,336777320.71590114,-211364022.9828395,-10389262.16409254,7853982.288213561
55,328912009.3315557,-213384031.47559902,-10786127.79728124,7970649.219042047
56,271620366.17967516,-228097956.97399473,-13676933.148121627,8820461.749281336
57,321141493.3667874,-215379694.13597324,-11178210.27029032,8085910.040167018
58,268733168.54341054,-228839461.46892643,-13822614.5410208,8863287.833393998
59,109772083.67473878,-269664639.9980405,-21843427.515358806,11221173.107930658
60,130697737.31122081,-211273353.0703548,-31746699.650388397,-35404768.785395324
61,661162071.5028112,-75036857.42369433,-4980681.932135953,-43273197.987992905
62,280149487.3760232,-172890409.32708058,-24205705.972925518,-37621601.16938834
63,554324925.1987845,-102475306.11701071,-10371440.116282398,-41688472.177572675
64,236031699.10480958,-184220959.7191465,-26431788.720518712,-36967197.71337418
65,159994938.8416842,-203749099.67291015,-30268429.831448253,-35839337.03290626
66,198029569.61660236,-193980856.1247606,-28349289.30566417,-36403508.42051898
67,278884645.6348073,-173215252.29061836,-24269526.99589074,-37602839.648488216
68,-15969735.858572831,-248941224.93671384,-39147205.08028718,-33229235.852123626
69,109349808.82244222,-216756034.52349716,-32823867.32283506,-35088112.88016561
70,716858443.1652354,-60732637.50457899,-2170370.33402973,-44099347.70065125
71,350371225.7582288,-154855712.2913436,-20662477.57358273,-38663207.063187584
72,362770466.6389223,-151671277.41536123,-20036840.222088993,-38847126.21240687
73,570732658.107312,-98261390.32873867,-9543543.420047794,-41931849.679970026
74,555855194.1148154,-102082294.82279094,-10294226.244808642,-41711170.80564467
75,604677543.6376158,-89543495.54920883,-7830762.09058709,-42435357.47751595
76,711777408.6758991,-62037574.120425,-2426747.7196571366,-44023980.22054306
77,189094424.21131465,-196275624.72586715,-28800136.31802282,-36270972.53732228
78,80824512.8513929,-224082043.2858053,-34263188.55174117,-34664994.38309757
79,-28322933.24975738,-252113834.69410914,-39770519.18255081,-33045999.670474622
80,130527105.5559798,-211317175.5686419,-31755309.338701356,-35402237.787932746
81,67859207.89379427,-227411857.56088325,-34917388.20258567,-34472678.75022288
82,187631866.30926543,-196651246.13980547,-28873933.64650078,-36249278.27332796
83,-1568957.404522978,-245242745.19979396,-38420574.71813627,-33442844.00337119
84,-21064312.55070739,-250249639.52861,-39404265.77450354,-33153667.499203555
85,-31126169.22868385,-252833775.73749483,-39911964.06213988,-33004418.99781656
86,-28493565.004997928,-252157657.19239762,-39779128.87086598,-33043468.67301122
87,-155478800.6300118,-284770638.6603827,-46186513.58575991,-31159884.288750414
88,-4773042.586231359,-246065634.33441293,-38582245.5322067,-33395317.495392725
89,-141906804.98712084,-281285011.05803496,-45501701.70975834,-31361199.02373027
90,2019726.336612514,-244321081.54521158,-38239497.93990737,-33496075.299290042
91,164656165.0443192,-202551980.31476337,-30033235.01231963,-35908477.45576
92,82306029.8373544,-223701552.70538044,-34188434.59121162,-34686969.86903823
93,-91857531.89093587,-268431107.1538674,-42976329.79664061,-32103584.772621293
94,-127105177.33028603,-277483583.2298908,-44754845.4131412,-31580753.01029283
95,-26302436.59248569,-251594920.6666943,-39668569.53985716,-33075969.894443814
96,-106534571.2820407,-272200537.6023053,-43716899.65416456,-31885878.815954797
97,-22369780.90031293,-250584916.42031455,-39470136.72326281,-33134303.359858062
98,-63456824.18561653,-261137095.77126545,-41543295.00682773,-32524855.239793286
99,-34620057.55024228,-253731093.55969167,-40088257.680188596,-32952593.811601438
100,147739245.31063396,-206896668.00270268,-30886824.111801952,-35657547.13552766
101,142227568.77236152,-208312204.25709853,-31164930.710816734,-35575791.89990921
102,16127993.210254358,-240697726.0910848,-37527627.04346112,-33705344.597735494
103,95336337.3683759,-220355044.14523384,-33530955.05909357,-34880249.69142658
104,-64366860.21355734,-261370815.76216325,-41589213.34455202,-32511356.586639587
105,-28095424.242773823,-252055404.69637984,-39759039.59811162,-33049374.333765972
106,239122029.78302306,-183427285.58338273,-26275857.698652286,-37013036.88971257
107,-33279379.4733652,-253386773.930244,-40020610.12907688,-32972480.220265377
108,68636530.33432691,-227212221.7353244,-34878166.28911221,-34484208.849791884
109,-103766545.03038743,-271489639.29665786,-43577231.37691976,-31926937.21929732
110,74210501.00546433,-225780686.7910754,-34596916.4705508,-34566888.10035835
111,-10888701.369238302,-247636288.32086298,-38890827.69465162,-33304603.332234763
112,-60252739.0039083,-260314206.63664615,-41381624.19275672,-32572381.747771975
113,-59055608.27667663,-260006753.55338186,-41321219.71277412,-32590138.90459917
114,-40318616.48710972,-255194625.88364694,-40375793.93784322,-32868066.531138934
115,-19794053.92837336,-249923405.3746486,-39340171.42809665,-33172509.3692306
116,195656975.68661225,-194590197.52959633,-28469004.97186585,-36368315.50337115
117,178607342.36551896,-198968969.3828749,-29329290.49559961,-36115416.629553884
118,202016394.11996052,-192956939.9741558,-28148123.254673347,-36462645.37719528
119,211105920.63713115,-190622522.44602194,-27689486.524307903,-36597471.21048053
120,131028167.0594501,-211188490.45457903,-31730026.920564365,-35409670.08209595
121,325288357.7380998,-161297619.5404326,-21928101.757056795,-38291150.43565727
122,193127292.20417264,-195239883.4566488,-28596647.017757762,-36330792.46158474
123,22829024.744731843,-200438119.26619086,-31711279.921889473,-3078618.223671215
124,556979546.5375942,-63254918.53735222,-4759265.603509688,-11001725.006453894
125,10069561.269645121,-203715068.30523703,-32355093.282065757,-2889355.85757859
126,207154655.45169452,-153098691.586012,-22410629.945205636,-5812738.280304559
127,-10728553.785585351,-209056543.93054697,-33404518.625473462,-2580855.3886282058
128,-23149462.190753583,-212246543.56821746,-34031249.27072254,-2396614.8429052643
129,41335799.08675423,-195685117.18939152,-30777470.393109042,-3353131.0123595838
130,204714350.50772226,-153725422.87112778,-22533762.154400885,-5776540.99907988
131,-49172159.08496567,-218929822.35555667,-35344295.07088679,-2010617.6420099242
132,192656373.13750663,-156822212.7505235,-23142180.129248023,-5597683.844793239
133,-30451417.9387548,-214121868.25708786,-34399689.26627236,-2288304.2211719337
134,96062549.02893256,-181629920.3558177,-28016083.69055711,-4164898.2314781523
135,165271330.64194265,-163855375.92899847,-24523966.774279315,-5191478.838730292
136,-23154879.07187228,-212247934.75863945,-34031522.59416136,-2396534.4937793463
137,447821266.6742019,-91289492.32648651,-10267142.8811744,-9382569.595587244
138,613052391.4377638,-48854010.88389516,-1929958.0263846093,-11833458.983370453
139,748255035.7198384,-14130593.545719951,4892058.345222296,-13838932.991644224
140,253810252.5270123,-141116368.4812205,-20056495.166495547,-6504785.301818001
141,89210194.41377845,-183389776.23964754,-28361837.84066103,-4063256.587203891
142,-83628939.88099077,-227779184.62995285,-37082905.46529484,-1499516.8520731651
143,-64588602.74877692,-222889150.29658538,-36122173.577789165,-1781944.0296641532
144,-64136293.17536586,-222772985.89634743,-36099351.07064641,-1788653.1816780511
145,-58261685.60214086,-221264239.88367695,-35802931.80122965,-1875791.8087327967
146,88814762.09211372,-183491333.1404544,-28381790.451695975,-4057391.1010121014
147,-27783603.987801928,-213436706.97423396,-34265077.47262343,-2327876.1656931676
148,-34189065.9106591,-215081789.64826158,-34588282.43904605,-2232863.3242987595
149,-24476598.064838476,-212587385.22159642,-34098213.51321456,-2376929.307064234
150,47508335.12150219,-194099855.7034945,-30466018.334530123,-3444688.8413490793
151,177261596.99816933,-160775975.929862,-23918965.3423914,-5369331.62895243
152,-94776881.22326633,-230642254.5184486,-37645405.102414034,-1334158.3509415349
153,-171672217.14370507,-250390898.154101,-41525367.978398964,-193562.3340161025
154,-73214985.93029988,-225104621.04363516,-36557441.154130556,-1653988.0466459251
155,-72554126.43381904,-224934895.81214985,-36524095.69459268,-1663790.6400075464
156,-94747088.37711352,-230634602.97112754,-37643901.82350045,-1334600.2711340673
157,325605594.8741986,-122677530.62788895,-16433866.30817033,-7569732.616695828
158,-53809009.3225741,-220120681.35678193,-35578259.93450349,-1941838.7902361734
159,191927802.62703684,-157009327.86226815,-23178942.131745107,-5586876.887367111
160,19554520.108475264,-201279093.8762806,-31876503.940639075,-3030047.177065071
161,34104262.79329074,-197542356.40275985,-31142357.183927797,-3245864.9292725776
162,-71958269.51076257,-224781864.86572874,-36494030.1163208,-1672629.0438581905
163,-63995454.266280524,-222736814.94537303,-36092244.66123307,-1790742.2589531408
164,58244593.498756245,-191342516.28706935,-29924291.27875878,-3603940.80891248
165,-44020705.14109174,-217606800.26420867,-35084364.4805283,-2087029.6607644565
166,-214400575.40797332,-261364608.20292115,-43681343.26393095,440231.57120088884
167,-13009060.736561352,-209642235.09819767,-33519587.79319683,-2547028.4066274483
168,41230169.904934384,-195712245.40260485,-30782800.200140096,-3351564.204413674
169,2434467.332838863,-205675951.2050452,-32740342.669077724,-2776103.7646109224
170,3485342.269865745,-205406060.2631751,-32687317.92194371,-2791691.4950384195
171,-113310739.9708822,-235402212.54735807,-38580581.24838863,-1059243.8166235911
172,-10400832.47790958,-208972376.90999952,-33387982.557397675,-2585716.5107554886
173,-65563641.3501428,-223139564.5725451,-36171371.796775855,-1767481.187000767
174,-132808803.55762587,-240409802.47138548,-39564408.96647589,-770027.137892789
175,-159684659.22803244,-247312193.75019145,-40920503.208256684,-371374.9496658485
176,-190290037.54866076,-255172419.63455164,-42464780.63767551,82597.61175352291
177,-18783456.009090483,-211125244.08806098,-33810950.57899515,-2461376.23840213
178,-104687065.22991933,-233187437.3955171,-38145450.333763,-1187159.6250801634
179,-40551192.78456743,-216715742.79891083,-34909300.81795437,-2138493.2759129717
180,-132716716.57860805,-240386152.23421133,-39559762.4680157,-771393.0730333423
181,-69940481.29404859,-224263646.43352976,-36392217.13535467,-1702559.0932615008
182,-71216156.79750131,-224591271.7779132,-36456584.805200376,-1683636.874108534
183,-196245898.33866614,-256702033.50355244,-42765299.75867481,170941.47569699291
184,-186991156.9473753,-254325184.66754714,-42298326.66342491,33664.99407133052
185,-228357169.61029175,-264949010.32523164,-44385561.104089804,647251.0941207171
186,-215397358.88453308,-208883286.85962248,-40486241.48688267,-468391.7988149558
187,-286873105.2457169,-227240044.47805312,-44092744.26231301,591814.917632584
188,-299239844.8396982,-230416132.21150345,-44716741.67317376,775251.9720963764
189,-304700061.0073431,-231818452.15689027,-44992251.69951961,856243.8910186283
190,-269864098.53301376,-222871706.55293962,-43234508.66437051,339518.6622596935
191,-26461962.3455609,-160359956.13031253,-30952993.26375012,-3270888.9616019027
192,-158070506.00538102,-194160318.6234836,-37593659.53368987,-1318726.598372691
193,-209880265.46514192,-207466359.41480452,-40207861.56442904,-550227.3835593137
194,-166439587.33376524,-196309707.82549006,-38015944.24669023,-1194587.1988341191
195,-155313313.5159651,-193452202.69868013,-37454537.90332276,-1359624.303463391
196,-23152247.98205122,-159509938.7824249,-30785992.64255668,-3319982.277559335
197,-27458668.471413933,-160615935.16792336,-31003284.77643066,-3256104.7224569633
198,-164348671.22196195,-195772708.32255483,-37910441.39923473,-1225601.9614606907
199,-169968685.3826083,-197216068.38539085,-38194014.46702623,-1142239.7433239478
200,-158303431.89349803,-194220139.8115909,-37605412.44149466,-1315271.585981755
201,1362445315.5718079,196346137.2397381,39128093.0856935,-23872686.068154838
202,641434062.7084336,11172431.713219551,2747513.4212550316,-13177855.837810634
203,282736320.3501114,-80950111.24669357,-15351554.713252956,-7857257.243412652
204,272688005.8749316,-83530769.47952339,-15858569.692292236,-7708209.614840447
205,98846748.57320361,-128177548.09790067,-24630202.15311054,-5129605.291415459
206,71941100.05664422,-135087590.92402765,-25987799.673804928,-4730511.182995984
207,33256443.547482,-145022777.32281685,-27939739.01224642,-4156697.9002744895
208,-181338718.85074967,-200136177.08119127,-38767720.365141295,-973586.9280285038
209,115652622.24395567,-123861379.81361261,-23782216.18412437,-5378888.4545665365
210,-92133520.58807607,-177226053.21151963,-34266629.97440339,-2296776.33359562
211,-44362046.00230253,-164957144.87980762,-31856190.567315865,-3005375.2750394135
212,-206557008.8988355,-206612864.0908619,-40040177.63463852,-599521.5723315324
213,-76123928.44177225,-173114389.9192672,-33458822.550925992,-2534248.1752372044
214,-145728142.37644693,-190990491.24689317,-36970892.07823875,-1501802.0817932729
215,12117064.981773693,-150451897.9447134,-29006383.73230076,-3843135.436391463
216,-88463583.63016298,-176283521.7005986,-34081453.34457803,-2351212.8664082056
217,9915102.80702114,-151017416.85125202,-29117489.710172746,-3810473.5167122623
218,441142174.9041146,-40267529.735826924,-7358757.39138097,-10206906.732548257
219,-101491182.72062503,-179629334.66553426,-34738796.214976676,-2157973.2185827927
220,-156778579.85858834,-193828519.70778623,-37528471.893447995,-1337889.8649320272
221,-182162084.78079432,-200347638.02532807,-38809265.52782974,-961373.8608946516
222,8379417.0098710265,-151411819.33589205,-29194976.905082524,-3787694.5395153775
223,56188809.76347549,-139133172.67122594,-26782624.23392313,-4496855.924840579
224,332327866.99176383,-68213762.93317716,-12849278.630702255,-8592853.491169082
225,386978780.5982804,-54178042.76551157,-10091718.45629402,-9403495.822524844
226,192840469.74480107,-104037611.89516287,-19887493.8424278,-6523823.324296598
227,26509718.11414409,-146755504.9934224,-28280163.355301134,-4056623.0639526625
228,-89452164.43432488,-176537413.95261562,-34131334.87216546,-2336549.150928731
229,-67150864.86865647,-170809882.98519778,-33006062.274480995,-2667346.5023205094
230,-15823207.828459445,-157627658.1414357,-30416186.029798146,-3428694.6449274593
231,125841775.62821802,-121244550.62980013,-23268094.795658108,-5530025.160418724
232,27368293.771456756,-146535001.31153202,-28236841.590243023,-4069358.400411157
233,-18599359.401791323,-158340643.23271456,-30556264.292198423,-3387515.7178970356
234,71220654.86785428,-135272619.2501447,-26024151.691152755,-4719824.749255499
235,-112379113.76920311,-182425627.4137741,-35288176.32703267,-1996471.4754947578
236,-18561441.233960453,-158330904.89976045,-30554351.02812659,-3388078.16177844
237,33898343.960043915,-144857921.2577982,-27907350.18472719,-4166219.27170161
238,-1368260.5632216735,-153915266.50029865,-29686822.433263708,-3643106.287432438
239,-35342938.93967834,-162640812.8271495,-31401107.04163801,-3139156.569693979
240,240457563.21869126,-91808352.49047649,-17484844.153344326,-7230132.315652799
241,666969240.3019598,17730503.362588186,4035960.1119413674,-13556621.617379835
242,180814993.66129705,-107126054.6320249,-20494271.87663918,-6345448.264766429
243,271539627.07776475,-83825701.84897928,-15916514.261308027,-7691175.600152684
244,-61029789.20453136,-169237837.80832407,-32697206.78859448,-2758141.014605368
245,-141779236.0409216,-189976313.42923695,-36771639.29131063,-1560376.5945914618
246,-96244933.35716923,-178281966.74181536,-34474082.46446203,-2235791.3470323887
247,-65566427.14143864,-170402959.78675804,-32926115.16861895,-2690848.6216516118
248,-22813692.912137702,-159422989.3810345,-30768909.927604984,-3325004.0979378223
249,-166858342.67240894,-158742514.63771385,-39060234.1146034,-3596245.26403665
250,-124736675.09343454,-147924617.9161589,-36934871.05422096,-4221040.06715117
251,-147463199.82692057,-153761357.3317047,-38081599.54185397,-3883935.30937507
252,-201038862.53137612,-167520926.20060116,-40784905.01365345,-3089242.2795134247
253,-61126240.116596155,-131587868.79048772,-33725233.91197933,-5164579.852770227
254,-21057570.48160726,-121297233.23887484,-31703460.43491543,-5758922.337162989
255,848296.7623964191,-115671259.17226373,-30598140.448265933,-6083854.202362981
256,-76721440.85731985,-135593106.01545647,-34512132.09238584,-4933254.719261136
257,-104862138.26894173,-142820340.25780183,-35932047.357134655,-4515841.010133061
258,-100907815.05229416,-141804771.24973404,-35732521.24678497,-4574495.872050962
259,-80196370.09496285,-136485554.6711763,-34687469.07839862,-4881710.754986706
260,-54376806.24270185,-129854445.52466245,-33384672.90719069,-5264694.863660236
261,-131199014.268038,-149584308.08961767,-37260945.91675133,-4125183.5599346575
262,-174165715.30152887,-160619230.51700628,-39428947.433592066,-3487854.2931774086
263,-27324901.93593769,-122906840.5571412,-32019695.653647747,-5665958.398479412
264,123857541.64628783,-84079411.47403453,-24391375.137477037,-7908462.328202234
265,-60432879.333403155,-131409796.4164704,-33690248.51180843,-5174864.540887341
266,211657059.25866032,-61530301.51887459,-19961212.17911685,-9210801.135594431
267,263063261.0750762,-48327904.413986914,-17367372.744560115,-9973314.340531014
268,-208267690.38427714,-169377469.8187679,-41149655.14276821,-2982016.3709838195
269,-138376381.75031143,-151427635.3987753,-37623099.47319717,-4018720.968101242
270,-121532589.91172847,-147101728.78153315,-36773200.240139134,-4268566.575133725
271,-116941783.16363423,-145922694.89887908,-36541558.62572633,-4336662.459346634
272,507340223.5631983,14408523.261795133,-5041715.6085676085,-13596698.348227963
273,-37860735.71180222,-125612705.92794529,-32551309.742171153,-5509679.348578828
274,-162996106.4347815,-157750595.86681366,-38865354.50270287,-3653534.19081796
275,-89575699.75198592,-138894400.88688114,-35160728.61273071,-4742586.243468959
276,-141114615.15581194,-152130882.15710157,-37761264.47152812,-3978104.484951332
277,-195123628.3497631,-166001746.2597589,-40486435.818434395,-3176983.5250164927
278,-268045681.96963906,-184729951.72086653,-44165915.95203369,-2095323.5919496603
279,-193230428.39877906,-165515525.20726615,-40390909.27656148,-3205065.54452376
280,-141084822.30965912,-152123230.6097805,-37759761.19261453,-3978546.405143863
281,-154627025.1063973,-155601206.66480717,-38443069.78970249,-3777673.59035653
282,-150645617.48415628,-154578681.70462933,-38242177.062158614,-3836730.1979040066
283,-31030048.62112748,-123858414.80578984,-32206648.88579999,-5610999.596357557
284,-28554533.949883744,-123222640.78293101,-32081740.074252307,-5647719.146900682
285,-142268410.83409414,-152427205.71698937,-37819482.363999285,-3960990.1211317177
286,-213467896.2582248,-170713012.62389758,-41412045.644048996,-2904881.2101058383
287,-139180788.59643787,-151634227.1764433,-37663688.00386323,-4006789.12290323
288,-95041332.80074961,-140298112.02268943,-35436511.96251469,-4661513.975421062
289,-154697444.56094047,-155619292.14029288,-38446622.99440661,-3776629.0517199053
290,-181494755.45512596,-162501511.1579796,-39798754.04632432,-3379141.9258187315
291,-250814583.13106954,-180304574.98845017,-43296474.093098246,-2350914.16148533
292,-269156142.59897196,-185015145.75737774,-44221947.256993234,-2078852.0211377118
293,-62003774.85782736,-131813241.6388458,-33769512.309057906,-5151563.294376584
294,70447093.81594998,-97796549.035052,-27086344.244379275,-7116219.946685569
295,-138392632.3936679,-151431808.97004017,-37623919.44351175,-4018479.9207242006
296,-163090901.85435897,-157774941.6991978,-38870137.66288078,-3652128.081115063
297,-19261874.390762344,-120836053.61397065,-31612853.71492886,-5785558.072408362
298,46363640.36223087,-103981781.65131143,-28301540.25344052,-6758987.732867779
299,-143286784.48440906,-152688749.51632679,-37870867.17049935,-3945884.48546006
300,-200004238.23770785,-167255208.8299895,-40732700.23682318,-3104588.962567753
301,-46332737.78144194,-127788527.74796894,-32978787.600507706,-5384013.315648488
302,-147398197.25349876,-153744663.04663292,-38078319.66057524,-3884899.498890627
303,-142468835.43548608,-152478679.7626032,-37829595.33123522,-3958017.203473216
304,-79955318.88518348,-136423646.69738916,-34675306.185357735,-4885286.291094498
305,27797280.32790282,-108750086.822753,-29238356.34004815,-6483591.103794347
306,128811279.4293321,-82807167.83309811,-24141420.85264953,-7981941.603856017
307,153598927.42848185,-76441080.46197727,-22890692.79653969,-8349619.204042756
308,11151204.650152262,-113025214.98959178,-30078279.267588664,-6236678.239857758
309,-88286482.04573679,-138563297.56644157,-35095677.634286255,-4761709.335437331
310,75357496.55004725,-96535434.91749936,-26838576.547075167,-7189056.429327458
311,-40672097.01240539,-126334733.7569678,-32693164.606924925,-5467978.152229591
312,-134131857.01203662,-167671705.8281757,4097559.0071064555,69694520.72032742
313,-178157558.30423242,-178978605.98306742,1876122.7579734433,70347558.24120104
314,-121816577.78868295,-164508834.40373445,4718959.845298267,69511846.98255983
315,-150439377.61986876,-171859884.5936388,3274718.794493114,69936411.76389432
316,-41755074.854366906,-143947039.9664168,8758680.271282353,68324286.9015371
317,-119389815.04750746,-163885581.09467366,4841408.745896422,69475850.57414992
318,-32746801.553976692,-141633490.29461306,9213217.15006527,68190666.30514058
319,-76238940.05598097,-152803358.1929367,7018703.259657547,68835789.43711159
320,10788671.996977162,-130452492.87291336,11409917.627983691,67544900.38016228
321,-34634584.62384197,-142118320.15668383,9117963.931631222,68218667.97552194
322,-25991950.798963744,-139898675.83836576,9554051.47829275,68090470.94512467
323,-84001330.69907129,-154796934.06767794,6627030.771806714,68950929.73454767
324,-46378382.88917332,-145134420.99160287,8525398.716236513,68392864.88050552
325,5791599.164980777,-131735866.0372182,11157776.755658237,67619022.44881879
326,91093934.58163454,-109828094.8666052,15461937.608715367,66353724.58847338
327,329526082.3426846,-48592761.65617283,27492678.75420447,62817037.287638746
328,447725136.7931748,-18236291.052689105,33456732.851307735,61063779.18561196
329,46483210.12861963,-121285243.58707406,13210982.428188177,67015439.81494582
330,36998251.289766535,-123721218.01596196,12732393.08687554,67156131.13439134
331,107685841.44818047,-105566878.60393383,16299127.301955353,66107615.21576439
332,-1835369.4501598745,-133694662.15135646,10772937.35386607,67732154.01807547
333,174931003.6556635,-88296640.70509341,19692164.4716554,65110161.1666564
334,111775586.6927954,-104516529.83531576,16505486.498275926,66046951.62569861
335,149065396.3138936,-94939574.97019437,18387045.05121737,65493828.24290024
336,129962765.04881471,-99845607.99341494,17423169.944165062,65777179.43543925
337,155793162.66331315,-93211716.46605709,18726512.762250677,65394034.62851388
338,245721514.5553327,-70115868.67504705,23264091.832073074,64060118.61463712
339,380079125.3828905,-35609477.042705566,30043469.747221686,62067179.07000609
340,702367301.3019031,47162179.49566301,46305394.38759896,57286647.1254453
341,643596849.6046187,32068459.01205827,43339971.73795657,58158394.96705937
342,584349712.3688889,16852313.771317553,40350496.625698164,59037213.5317534
343,387091277.9910413,-33808581.04141188,30397286.938795332,61963167.12650867
344,254873335.2053678,-67765452.45705871,23725871.78198733,63924368.766403064
345,48844970.29635264,-120678684.56302334,13330151.447610334,66980407.59601455
346,-17349316.974103585,-137679031.5199937,9990139.025044307,67962273.91469504
347,19607354.458194908,-128187634.8658259,11854888.186497392,67414092.00314042
348,-35227733.10635724,-142270655.50783986,9088035.015168775,68227466.20477727
349,360759818.8730635,-40571157.682805285,29068661.702618197,62353744.22758089
350,287683384.141305,-59339012.07094017,25381391.85101208,63437694.110736296
351,54976879.7227157,-119103857.00530729,13639553.58037176,66889452.38547887
352,172523199.998403,-88915024.84767583,19570672.203095376,65145876.35312483
353,142955154.4120049,-96508837.76622103,18078736.21221349,65584462.05693148
354,380019539.6905845,-35624780.13734634,30040463.18939671,62068062.91039034
355,157667403.53037986,-92730364.58003576,18821082.67209702,65366233.83094393
356,-70816642.0561866,-151410776.58044568,7292300.022028739,68755359.96203582
357,-58577199.16849464,-148267381.82191253,7909874.332076832,68573811.112031
358,42664308.93991989,-122266032.83453323,13018289.403906532,67072085.94868092
359,-130348165.55064757,-166699959.31834283,4288475.429229996,69638396.8558409
360,-38247644.33003131,-143046244.16810653,8935657.198025296,68272260.84247227
361,30197357.04524274,-125467857.59079078,12389235.509427343,67257009.46197413
362,-123720611.5019239,-164997837.83701283,4622886.656644852,69540089.70028403
363,-60283516.72088365,-148705606.8048459,7823777.448843756,68599121.08669423
364,83510301.01544155,-111775761.45736179,15079284.794443272,66466213.36471937
365,-10299246.198123125,-135868397.18574247,10345869.480695456,67857699.5273142
366,-36679457.246169016,-142643494.5409344,9014784.333568092,68248999.77051991
367,54405398.7646919,-119250627.59482509,13610717.957581792,66897929.21826031
368,-58677411.4691905,-148293118.84471974,7904817.848458385,68575297.57086046
369,212838337.7242911,-78561090.13185716,21604881.896633413,64547877.983500354
370,334087096.2446021,-47421379.32076849,27722817.089822464,62749383.32357568
371,287553378.99445045,-59372400.64105113,25374832.08850876,63439622.48974793
372,123327085.6784068,-101549816.26035939,17088348.731622912,65875607.114673905
373,473978051.13490766,-11493886.67234305,34781394.897741206,60674367.14682254
374,65580424.51255587,-116380601.75420412,14174584.211920373,66732168.97149004
375,297490393.8301113,53456004.2107217,-5572870.292744796,-5780738.990422695
376,123009944.55637754,8645065.12254721,-14376754.919345658,-3192653.4701397466
377,-73216573.96835855,-41750807.91478914,-24277896.4911504,-282006.3838712975
378,140991281.42988634,13263121.728411572,-13469457.76413225,-3459372.3936143676
379,40927944.96478815,-12435643.342180422,-18518424.988015287,-1975123.1651507693
380,158414679.54816967,17737885.720808864,-12590312.923118867,-3717815.357119751
381,704531091.7322303,157994226.09186915,14965472.871647872,-11818413.359048517
382,271947090.91490376,46895845.77573039,-6861726.96857213,-5401852.687170831
383,297206007.5713797,53382966.71356612,-5587219.7732836455,-5776520.661312164
384,29143520.09106655,-15462178.105264643,-19113040.129201237,-1800323.641722834
385,-60760455.83591879,-38551765.539375626,-23649389.243548874,-466769.19891268655
386,97076626.20062394,1984740.9771711465,-15685290.882769117,-2807982.029822005
387,113132261.83643672,6108229.38801076,-14875160.210061619,-3046136.839033866
388,-76556081.17803751,-42608476.809948735,-24446400.3911757,-232471.1477507022
389,65813096.824070856,-6044514.543453431,-17262777.109989833,-2344247.0496099275
390,174806161.8133382,21947627.93782314,-11763236.197186997,-3960951.812144295
391,363969067.35929567,70529388.66485757,-2218508.38962334,-6766823.6382196685
392,579151961.3589061,125793732.5840203,8639128.556385158,-9958652.490627436
393,42504257.370325126,-12030806.929365335,-18438887.867297657,-1998504.7607979744
394,112124721.94835606,5849467.969526734,-14925998.36966838,-3031191.9016196523
395,-3086922.5651740707,-23739761.116216782,-20739314.59025184,-1322246.342535727
396,-72452793.73062631,-41554650.06527436,-24239357.886255857,-293335.61063205375
397,-47421386.081135474,-35125959.12516307,-22976330.275398437,-664628.9214849585
398,-10315750.418073054,-25596304.734389536,-21104064.7193766,-1215020.4340025345
399,-176519205.34244075,-68281504.85773179,-29490311.1314373,1250291.6218824007
400,-115909722.50535932,-52715475.225854434,-26432095.174310368,351265.252020213
401,25595462.95831721,-16373407.83166985,-19292066.981618714,-1747694.964255584
402,-172158616.0418911,-67161596.5680132,-29270285.76317499,1185610.5755208787
403,-61851957.38133984,-38832090.40939901,-23704463.9164546,-450578.850047861
404,-196458744.74035805,-73402476.80115303,-30496414.709789634,1546056.754375269
405,-227367468.40363318,-81340609.34914589,-32055998.25178323,2004528.8668458764
406,-101457483.68068026,-49003779.179929964,-25702868.239498083,136893.78407917215
407,51610034.53085127,-9692215.829963624,-17979431.16661271,-2133571.64146205
408,231594035.02117953,36532172.72697371,-8897849.926155295,-4803291.873674573
409,143602218.12909356,13933675.511832468,-13337715.866594115,-3498100.6723124012
410,-70055823.83560379,-40939048.30353418,-24118412.264570486,-328890.09884969884
411,-72081737.37399583,-41459353.52136616,-24220635.23069485,-298839.52575751237
412,-151013820.59506407,-61731084.75569459,-28203367.7196818,871967.7625119353
413,-24597357.48751314,-29264178.282020684,-21824681.96586558,-1003179.9635278173
414,-129029408.57483932,-56084938.427964315,-27094084.5431692,545870.8349861783
415,-55473579.864076145,-37193963.68748148,-23382625.567226157,-545189.9458127001
416,-93158821.8068391,-46872475.45340964,-25284136.73120256,13798.923177489412
417,-74538292.96132411,-42090258.377748,-24344587.41020661,-262401.19715509325
418,-242374937.5429784,-85194902.41332647,-32813240.83907612,2227136.1201931937
419,-153719552.71385235,-62425984.37148893,-28339892.777379997,912102.150906443
420,-125240300.23231189,-55111800.727767825,-26902894.797703978,489666.62140868127
421,-96140814.86268084,-47638325.78072651,-25434601.28428134,58031.11699366123
422,-114284658.1697507,-52298118.09925123,-26350098.142659802,327160.51424572995
423,-122144552.67297949,-54316735.40158281,-26746690.45239983,443747.09594476316
424,-143275805.9170099,-59743769.23784644,-27812925.18729591,757189.0361389193
425,-214480708.22225913,-78030967.33517665,-31405761.790784467,1813378.2962907136
426,-194023856.6775065,-72777136.70645337,-30373555.82402339,1509939.8222729692
427,-124755489.37219062,-54987289.184991956,-26878432.34991839,482475.3746357613
428,-201523528.5863401,-74703239.84572713,-30751972.12509071,1621183.1871021944
429,-197582747.5724893,-73691148.81371436,-30553129.323338106,1562729.19799908
430,-160959214.32899058,-64285310.37050026,-28705189.55337338,1019488.7576882184
431,-95222653.51306398,-47402519.004189804,-25388272.961388938,44411.94014754447
432,-240982799.09547573,-84837366.47486381,-32742996.71528564,2206486.3948295224
433,-81108969.75830346,-43777772.35964101,-24676128.741503853,-164937.70742381373
434,-260976507.30457997,-89972250.3225052,-33751833.52802632,2503055.018581541
435,-162616779.95131135,-64711014.63963551,-28788826.525656953,1044075.5902181888
436,-234455457.34744793,-83160982.01634099,-32413641.971489225,2109665.6981020304
437,-293063402.6111715,-98212966.78728539,-35370864.91796658,2979003.0659386492
438,-228215210.29871097,-81558330.65018466,-32098773.36995109,2017103.5050480284
439,-232397042.52234372,-82632329.65597688,-32309779.064731874,2079133.030254358
440,-267620311.9966598,-91678545.3751013,-34087064.72575769,2601603.2215162097
441,-279889547.73050463,-94829591.68095547,-34706142.314719394,2783593.991713533
442,-315018021.7852434,-103851461.56769462,-36478644.81556559,3304658.0732718743
443,-204023708.73855945,-52134474.31279528,9780121.367445618,-7585928.17492922
444,-244842616.40848756,-62617789.737856634,7720492.594103049,-6980457.336597243
445,-233962810.6815881,-59823583.775248215,8269462.721003526,-7141838.555997385
446,-188477259.92790404,-48141757.80162465,10564559.63690261,-7816530.166305078
447,-115222068.11922851,-29327994.129563414,14260849.161990305,-8903131.570615679
448,-246608519.65318215,-63071317.8154321,7631389.153042774,-6954263.521548973
449,-288310378.94545776,-73781397.27928123,5527208.659170072,-6335695.775692863
450,-290726307.9243958,-74401868.20749795,5405306.405449576,-6299860.065534801
451,-277731210.1206458,-71064402.38509442,6061009.3352152025,-6492617.618604724
452,-261407438.8694577,-66872050.04836523,6884669.518145036,-6734749.709549377
453,-228621765.89855456,-58451870.01914568,8538959.631695017,-7221062.794149508
454,-243182342.3456074,-62191389.87351035,7804266.228106031,-7005084.343690165
455,-95924429.13387659,-24371878.251150414,15234563.912840666,-9189375.331687627
456,-200307728.29113448,-51180117.68329594,9967621.246486554,-7641047.675306861
457,33368397.847701367,8833750.336611139,21758384.412678383,-11107188.443588205
458,430615374.6872189,110856699.9347633,41802558.79965698,-16999591.59255982
459,-182971000.27075028,-46727612.73765078,10842392.91247858,-7898205.052797605
460,-206453179.92029428,-52758423.217067026,9657535.805128032,-7549891.591956368
461,-129425130.41244756,-32975695.416075364,13544195.105364427,-8692456.162466718
462,-117486324.42684315,-29909511.725963842,14146599.96455719,-8869545.63598323
463,-235146399.206023,-60127558.882457525,8209741.549618037,-7124282.271984967
464,-315673753.9165468,-80808995.6960681,4146515.3078941167,-5929812.166133573
465,-219134098.61915982,-56015199.994993985,9017685.634814853,-7361794.288189507
466,-255104897.68785572,-65253399.9923558,7202681.3392297765,-6828235.9175513955
467,-190478797.50126195,-48655802.66255755,10463566.626253007,-7786841.164279504
468,-101809870.469339,-25883406.644664966,14937597.996546224,-9102076.00638104
469,358939203.7246431,92448468.27071819,38185943.056989774,-15936411.958453419
470,114296601.76100872,29618135.241450544,25841836.588876113,-12307604.384757292
471,3941191.1703893105,1276108.3690382596,20273554.831206206,-10670691.81705532
472,-51018484.65989289,-12838909.652681943,17500415.220784377,-9855469.585522408
473,960508227.9207866,246946424.9919016,68539740.8951123,-24859543.962373335
474,417303389.3380253,107437849.47267212,41130866.44871951,-16802133.61562386
475,21922528.043898255,5894164.974902665,21180851.986419626,-10937410.740529936
476,89430408.98563813,23231875.609210607,24587145.34290317,-11938761.72224479
477,-28863440.884429242,-7148940.82665832,18618308.0856203,-10184097.510514483
478,53091262.000870824,13899074.663152047,22753555.053477302,-11399739.61104446
479,-94862720.43461232,-24099204.928436253,15288135.306852356,-9205123.760366935
480,33314229.03651439,8819838.43239111,21755651.17829002,-11106384.952329036
481,84392709.54525149,21938068.516740702,24332954.544786442,-11864037.035143904
482,424518674.9881274,109290915.11479035,41494933.26924797,-16909158.65134254
483,164565258.5425007,42528382.357709534,28378278.10126666,-13053244.273247864
484,-78766458.19040933,-19965282.589431535,16100315.905351121,-9443881.18802316
485,286304244.8040583,73793995.90197724,34520949.06564871,-14859010.529060073
486,287382204.1466786,74070842.79595736,34575340.4299769,-14875000.005117148
487,276047380.4058088,71159776.83790006,34003411.134214275,-14706869.45914015
488,3207203.7788060945,1087602.0668558436,20236519.505244043,-10659804.51049384
489,-91141323.10606869,-23143457.10851491,15475908.509332124,-9260323.60987049
490,-102397602.07071747,-26034350.80545307,14907942.403432606,-9093358.126219261
491,171902424.01777348,44412749.78432301,28748494.699168913,-13162077.16429964
492,876086135.6859207,225264722.26486546,64279995.100865856,-23607302.834989082
493,625433504.1210938,160890863.46237686,51632636.277364545,-19889347.906090356
494,302132371.4328858,77859054.31509243,35319600.15392512,-15093790.674983494
495,375403813.88491726,96676991.55841966,39016709.64932935,-16180633.126671834
496,293595366.78982204,75666538.21000363,34888842.414320864,-14967160.452541558
497,126620006.30604042,32783093.45152489,26463647.412226163,-12490398.646213753
498,107108400.51650009,27772025.551442463,25479136.385541804,-12200981.094668163
499,-79950046.71484426,-20269257.69664083,16040594.733965628,-9426324.904010734
500,79899406.65729375,20784076.061682906,24106232.75227265,-11797387.435197456
501,90914634.41216059,23613061.784841593,24662035.965144005,-11960777.382745467
502,137665026.90706006,35619730.72200464,27020953.9040111,-12654230.513954299
503,91987176.87366225,23888517.488399707,24716154.006033376,-11976686.509676624
504,210771254.48497137,54395236.65746056,30709727.034530826,-13738622.317302234
505,25069129.592972882,262407019.80138567,-65022290.76050935,-6430197.8135109395
506,253553175.17938238,321087431.8022646,-53493508.10966054,-9819323.944883356
507,527949.6845666589,256104231.5949352,-66260582.59937167,-6066176.098833871
508,66611190.8920896,273076059.1482544,-62926173.30730179,-7046395.260433098
509,24280973.390045457,262204601.59545207,-65062059.32007937,-6418507.015970847
510,306914871.07964957,334792048.64949167,-50800998.91369509,-10610843.184271364
511,120119142.58256133,286818238.1368757,-60226284.37848777,-7840083.926220801
512,40531616.74613126,266378172.86148408,-64242089.003573805,-6659554.393715651
513,277818094.1505779,327319269.29766136,-52269155.7653983,-10179247.854419304
514,462709788.9344443,374804076.37694037,-42939943.48935615,-12921764.39471076
515,438276946.6485687,368529111.9784626,-44172768.86022018,-12559349.662272219
516,369601727.82575005,350891599.8082113,-47637963.4177727,-11540683.443922691
517,253707556.2912648,321127080.72929317,-53485718.39165163,-9821613.894972702
518,443555697.2987372,369884827.044712,-43906415.16907529,-12637649.885476315
519,381207395.6225547,353872225.2873692,-47052367.950068355,-11712831.44619544
520,487242843.52101403,381104777.7982279,-41702061.634869516,-13285665.585980251
521,322442360.8063873,338779895.9941919,-50017517.27626291,-10841163.953710515
522,-35177422.209315434,246934199.92825866,-68062194.04644273,-5536554.835369587
523,-160293833.8483794,214801179.15586728,-74375282.17493853,-3680690.8995494214
524,-64122526.467063606,239500373.90824464,-69522697.84185855,-5107209.281043145
525,37303155.59938666,265549023.36997232,-64404989.773108475,-6611666.314674351
526,-140302834.0798345,219935367.4082977,-73366582.02391724,-3977219.348738485
527,-175937786.51917127,210783421.2171005,-75164640.26629451,-3448642.623907097
528,-41054738.22309979,245424758.3203771,-68358749.97757891,-5449376.033751892
529,-108643872.38162,228066179.82973897,-71769143.18564498,-4446819.8151483135
530,-72724533.68355167,237291163.51809177,-69956735.46272883,-4979614.869090235
531,-88731417.38929619,233180195.82105017,-70764406.2244868,-4742183.202011609
532,-231412066.05572966,196536240.10528922,-77963745.60340571,-2625787.225412267
533,-167235567.00198737,213018368.63006067,-74725546.1618058,-3577723.4946894418
534,-212620905.45497578,201362279.67924425,-77015586.59408644,-2904518.3432111717
535,-92956584.66187853,232095067.2918818,-70977598.50677827,-4679510.883797959
536,-11161679.769579953,253102042.6642429,-66850414.58036692,-5892782.685113451
537,140050556.65879837,291937123.2946706,-59220590.785282575,-8135728.53502881
538,154630092.18976665,295681512.31551224,-58484940.74965768,-8351988.207428849
539,56752467.25606199,270544092.5802017,-63423621.96597074,-6900159.851271924
540,118431784.11408554,286384882.32042605,-60311424.62967382,-7815055.173502308
541,12055072.705145909,259064684.81298685,-65678950.321508825,-6237159.038788607
542,-73713114.48771569,237037271.26608106,-70006616.99030581,-4964951.153614516
543,-235951412.43319845,195370422.5316506,-78192790.64513917,-2558454.6578993117
544,-185650254.36499432,208289016.79044235,-75654709.19211435,-3304576.6411458133
545,-41599134.775531024,245284943.682972,-68386218.98317014,-5441300.946601631
546,-78119747.27777454,235905537.8577761,-70228965.60779703,-4899587.139683152
547,-49765083.06196414,243187724.12179098,-68798254.0672142,-5320174.639284872
548,-14934537.468753563,252133078.5353195,-67040784.35550394,-5836819.518917894
549,-178196625.9456696,210203294.81112903,-75278616.14027713,-3415137.038404767
550,-165388410.5405146,213492764.56397328,-74632342.86915132,-3605122.546630624
551,-186367991.11322147,208104684.05952594,-75690924.54776001,-3293930.381962086
552,-217563809.4757886,200092818.41916955,-77264994.23200682,-2831199.7658198033
553,18214066.53710117,260646468.3228168,-65368181.571546935,-6328515.994956142
554,-132572944.72345974,221920596.1405169,-72976549.47668268,-4091877.551425105
555,-269736499.9705021,186693567.86957377,-79897508.93314795,-2057317.1595701263
556,-219443467.22397587,199610075.34273183,-77359837.46528263,-2803318.619127321
557,-229424070.6851719,197046806.99017715,-77863435.90133646,-2655275.354629057
558,-127705877.03831296,223170580.73469624,-72730968.36688468,-4164071.2410613187
559,-204129944.30142528,203542970.6657588,-76587152.103691,-3030465.5980904833
560,-206510663.55309185,202931542.47528505,-76707277.75505903,-2995152.157250872
561,-238036911.6638983,194834814.219183,-78298020.16907986,-2527520.2444259617
562,-278547057.1100608,184430796.64817628,-80342069.50640878,-1926629.3062711346
563,-259287336.29253983,189377174.1936352,-79370268.0196303,-2212310.6234616786
564,-286222777.6552521,182459479.82018718,-80729368.81923828,-1812774.5948496738
565,-357357260.5059577,164190367.1983432,-84318652.21802194,-757629.8733347815
566,-280128786.3967199,184024569.04494917,-80421879.9505487,-1903167.3615039776
567,-145998684.5761469,218472530.67956623,-73653981.61983114,-3892732.242846589
568,-166688761.47132063,207376768.72399613,-45526315.79831537,-1513356.4355508166
569,-319888993.27026,168031121.20869055,-53256449.295452155,759077.543575315
570,-85153866.87272331,228316966.95611218,-41412251.39694883,-2722771.478829297
571,-148466373.3880336,212056733.30365154,-44606855.75005456,-1783650.8951355584
572,-186698720.3237849,202237711.30510053,-46535972.58135272,-1216546.764428169
573,-58481144.2442679,235167188.59409302,-40066406.78412378,-3118410.5748346336
574,-99722568.6414544,224575360.3161148,-42147354.78569551,-2506672.504681291
575,-139653107.80791652,214320200.1202632,-44162158.515069105,-1914378.9229993653
576,-252454240.22362694,185350050.77231333,-49853845.805372655,-241188.72494695327
577,-262288587.8946182,182824344.561153,-50350064.50857795,-95314.88684839197
578,-269674505.2999592,180927456.42074147,-50722741.01742973,14241.146336619127
579,-309261072.515384,170760636.81668764,-52720188.70843728,601432.5585229468
580,-131121520.04597157,216511325.03493032,-43731674.09890326,-2040928.7963155375
581,-169223861.8348741,206725691.60650727,-45654231.16767,-1475753.044629898
582,-81678937.63508047,229209415.61183262,-41236914.410935044,-2774315.4431040897
583,-7045149.581697094,248377237.2462956,-37471064.07066383,-3881365.6999600413
584,294927013.701649,325931234.1069132,-22234238.9876379,-8360548.247776862
585,-160361844.3246886,209001679.13691664,-45207074.02173559,-1607204.2146267362
586,-162970072.58334038,208331820.9487186,-45338679.25753476,-1568516.1104986914
587,-186953313.73636365,202172325.35526636,-46548818.78297756,-1212770.355510327
588,-106488253.15870486,222837763.4790238,-42488735.76080024,-2406316.446413695
589,-181769358.50577226,203503694.58913058,-46287248.25201228,-1289664.4690109144
590,-232400946.32221702,190500237.7145969,-48842002.4348048,-538641.1890840357
591,-220055874.2527105,193670760.68635917,-48219098.31769939,-721756.8470441683
592,-261473347.2862545,183033718.71966562,-50308929.33103325,-107407.43029858982
593,-272748585.3348187,180137955.85625046,-50877852.06896869,59839.27529334305
594,-316993670.3123214,168774712.48926744,-53110357.91737451,716130.9357665129
595,-339303095.1996678,163045094.73621655,-54236040.50021725,1047048.8108471648
596,-365133492.8141662,156411203.2088587,-55539383.31830283,1430193.6177725226
597,-283983196.7749927,177252626.92100027,-51444724.88111286,226483.36244091747
598,-224652097.8819234,192490335.61328313,-48451013.25555104,-653580.6137053439
599,-304770478.0679858,171913933.67653447,-52493603.57764291,534823.1331394727
600,-307487043.9490113,171216251.67989618,-52630675.28221876,575118.2197858106
601,-125414835.7874261,217976944.14451855,-43443727.85609038,-2125576.600466913
602,39629406.57754069,260364429.51755053,-35115972.6599404,-4573693.943406051
603,232445998.4380584,309884548.1842313,-25386888.19288243,-7433761.254911056
604,-6860975.623661467,248424537.72064403,-37461771.07374343,-3884097.570241138
605,-147307160.82863307,212354448.05396244,-44548364.5341428,-1800845.6080817108
606,-130658376.71032311,216630271.81601223,-43708304.94488284,-2047798.6465812584
607,-140652522.37433395,214063525.48745635,-44212586.68944423,-1899554.5093003898
608,-295025508.93547106,174416685.2457854,-52001894.71108886,390275.0555863283
609,-357522774.8424175,158365825.75183746,-55155363.88664984,1317303.0958298643
610,-260896449.4471315,183181880.49966362,-50279820.384707764,-115964.61224071059
611,-226439668.65111095,192031242.77407336,-48541209.990277104,-627065.4021855994
612,-197835827.90384048,199377423.79750076,-47097925.5715079,-1051348.9615794003
613,-228322034.83985752,191547804.1024247,-48636189.88527232,-599144.0809301606
614,-175293477.1283902,205166862.7386981,-45960490.080795236,-1385721.8490743942
615,-234811458.4200544,189881157.976856,-48963631.364996895,-502885.82808406686
616,-81657270.11062378,229214980.37357447,-41235821.11709015,-2774636.839639929
617,-66194782.95730811,233186133.43320397,-40455619.36093512,-3003993.4195641056
618,135245483.6441722,284921027.25172555,-30291403.9792515,-5991976.539525678
619,25095914.536063246,256631865.61534974,-35849299.44624568,-4358117.238608468
620,27140787.158367734,257157039.99966764,-35746119.84807059,-4388449.033646669
621,-168682173.72302556,206864810.64877114,-45626898.823682144,-1483787.95725888
622,-192408113.0229108,200771396.6003644,-46824055.48578025,-1131858.7857514743
623,-237511773.657727,189187649.55149254,-49099883.09924146,-462831.7888207841
624,-228135152.44126555,191595800.17199305,-48626760.22661775,-601916.1257795333
625,-799485.6518624865,249981279.80293667,-37155922.14558252,-3974008.2421774426
626,65148333.52769309,266918327.59570545,-33828345.93948348,-4952218.675628799
627,-51872549.27948077,236864440.90900904,-39732952.18864011,-3216436.5084885005
628,3953827.5297926166,251202049.39825094,-36916080.828004636,-4044514.6001678044
629,20965542.68305512,255571082.91857544,-36057708.56834271,-4296851.030103649
630,-36085049.25904341,240919065.3939591,-38936351.02615492,-3450614.0359675754
631,-53609998.31270656,348615942.00172263,-65314437.879423134,2489637.8910819204
632,28027817.027149905,369582572.85184544,-61195180.33273801,1278696.2144179642
633,-169022067.4276279,318975238.8703635,-71137867.0672457,4201556.367825487
634,-220826410.00627005,305670589.2694645,-73751795.77454604,4969975.233512948
635,-4847234.482211707,361139438.18066275,-62853980.28302879,1766335.0595956934
636,37702366.70513966,372067238.9455564,-60707024.670978285,1135192.6755338889
637,231745882.13904116,421902462.24282235,-50916032.44502417,-1743073.7129908365
638,-85761896.1927223,340358531.2518783,-66936749.150629394,2966550.1279500034
639,-51204903.09600589,349233630.5490953,-65193082.27258031,2453962.879175687
640,-134456949.0092335,327852424.95321345,-69393790.20403832,3688848.595362293
641,-161070085.94538325,321017506.4098751,-70736628.25903563,4083603.850982358
642,-47635178.438785695,350150425.0372005,-65012962.126387954,2401012.80519775
643,-203113208.74813652,310219781.9494394,-72858028.12955497,4707233.591771112
644,-118390479.61118336,331978695.74489707,-68583112.88445315,3450533.0878986013
645,140325179.49882153,398423341.49054843,-55528912.12224568,-387021.51492452016
646,-50576544.886237204,349395008.6380486,-65161376.753675416,2444642.3805695535
647,104592723.1993482,389246353.8717551,-57331890.186522014,143001.49417333613
648,-39165884.809705645,352325551.262014,-64585620.9297691,2275386.946829746
649,55434527.04718856,376621300.79200834,-59812300.393951334,872169.811851354
650,405700893.94426167,466578455.8600618,-42138660.191990346,-4323365.368060041
651,-86103159.7032001,340270886.2552917,-66953968.52727603,2971612.122882636
652,-229945729.3695936,303328520.1940095,-74211935.78382508,5105242.9869907275
653,344846.0700577487,362472894.20015985,-62591999.76690519,1689320.4224062164
654,-67596385.36117774,345023888.33209115,-66020158.99849561,2697099.334194269
655,-216771874.48892662,306711895.3003394,-73547213.18057787,4909833.912765605
656,188267285.8398337,410736072.32055384,-53109863.02683484,-1098151.453834639
657,442180879.8381153,475947427.75709265,-40297963.49315473,-4864476.556534172
658,320076254.10104555,444587908.85933924,-46459083.78965816,-3053286.7347227037
659,-80493979.30479117,341711463.9372837,-66670942.10636218,2888410.6029977165
660,-63907489.31934625,345971289.00948036,-65834025.736648835,2642381.5794461924
661,-117862333.70211051,332114336.81104314,-68556463.84916668,3442699.0481218807
662,184651517.69310474,409807452.7138617,-53292306.42225731,-1044518.4122864278
663,646037075.4185342,528302792.503831,-30011845.85775059,-7888295.386653815
664,216965922.00668114,418106599.1763663,-51661795.44788602,-1523841.1229319505
665,42306715.656030655,373249750.80426556,-60474699.74796842,1066895.9185061855
666,-218624447.83152047,306236108.17601174,-73640689.79665951,4937313.313828514
667,-315524325.7233046,281349798.3118854,-78530036.1322437,6374638.652750922
668,30530416.103983276,370225302.8268258,-61068904.903977014,1241574.918238383
669,-63539141.403278805,346065889.95818853,-65815439.74278892,2636917.8388771107
670,-75597118.7734945,342969100.07879287,-66423857.71763606,2815774.99316375
671,-81561104.88517798,341437399.4241591,-66724786.823793575,2904239.3807960935
672,-200905829.69227204,310786692.0464202,-72746648.82821047,4674491.322953898
673,-227061240.1738921,304069329.09374166,-74066391.05262622,5062457.077434151
674,-40576982.34112963,351963146.1570918,-64656821.685566574,2296317.8941237093
675,431049189.13919246,473088531.43987226,-40859643.159941934,-4699359.102785854
676,559288432.7431847,506023573.4905529,-34388984.06895768,-6601544.309695989
677,181875366.11976963,409094467.62259275,-53432384.68464123,-1003339.485261896
678,30438329.124965474,370201652.58965164,-61073551.40243722,1242940.853378929
679,-6453339.733908706,360726950.2205478,-62935020.682624236,1790158.5754225824
680,-108214868.42971808,334592046.95265555,-68069674.80458215,3299597.2548605152
681,25384379.041222785,368903671.9259156,-61328562.17087042,1317906.5878575612
682,397136804.8956007,464378983.8028745,-42570784.54876967,-4196333.399995419
683,153404238.95990735,401782370.7645047,-54868972.67915898,-581024.4794530103
684,25796062.006243054,369009402.3979901,-61307789.58951614,1311800.054287014
685,-144754440.01587754,325207771.96098435,-69913378.06124209,3841592.283718681
686,-113490910.63932785,333237027.4816189,-68335891.83400479,3377857.303500646
687,-2658814.51026322,361701479.111168,-62743557.61371737,1733874.0127181553
688,-409423251.4753287,257234207.94154316,-83267961.28272948,7767450.575922316
689,-286882566.80820394,288705717.66826856,-77084838.44939981,5949792.649474688
690,-139191303.10697755,326636524.5243893,-69632674.88955835,3759073.731404042
691,-236735789.85188246,301584663.00003225,-74554546.71438304,5205960.6163172005
692,96882857.6617169,203753583.5858737,70618804.44067991,22659109.395135187
693,1144900.769896738,179165684.0672572,65788085.98270676,24079199.84655572
694,-199620964.13230592,127603993.45627595,55657899.36915815,27057179.50034088
695,33854737.40513819,187566387.43056855,67438549.56811307,23594011.64971839
696,-72719690.16463192,160195411.4727198,62061047.57075013,25174840.52753174
697,-97336706.40854254,153873146.59989232,60818929.20296361,25539987.130252156
698,-146768455.05719614,141177838.40383404,58324716.16187311,26273213.078788877
699,40444373.28603096,189258770.5789446,67771047.53145605,23496266.938042875
700,-201998974.94341317,126993260.86101328,55537910.37950951,27092452.766617525
701,169154885.54734927,222314846.19633994,74265485.76161902,21587091.35717815
702,307057845.0670933,257731771.95988747,81223753.86748528,19541563.309635777
703,127171348.4369016,211532424.8305463,72147092.44892687,22209837.257581837
704,-102201065.65313089,152623857.60092673,60573484.75488964,25612140.645323765
705,-83585953.68873464,157404683.4861664,61512760.75244675,25336020.874117088
706,-94590347.68136406,154578480.14385173,60957504.18645306,25499250.123413283
707,292294135.57808936,253940082.46469742,80478810.83493994,19760554.85231693
708,872038545.7470098,402832932.9756,109731388.53799552,11161149.476708245
709,627479905.4407153,340024163.3978733,97391518.58318385,14788711.638952691
710,218787058.7973945,235061628.4380126,76769811.76994644,20850892.490982562
711,11436974.89541778,181808945.86907744,66307400.516493626,23926536.507317323
712,-137529964.30926135,143550513.6685731,58790869.28680649,26136177.644540936
713,-232152043.6906305,119249199.37689082,54016455.45723343,27539716.176022984
714,-19200904.71192267,173940372.8421851,64761483.14644179,24380991.163492188
715,-79528709.73083185,158446685.11225235,61717480.008134305,25275839.378806796
716,13554975.412827622,182352901.32408363,66414269.981078185,23895119.999084596
717,33248046.71984433,187410574.10330334,67407937.34296352,23603010.751820844
718,140496875.98888966,214954753.26869947,72819468.10847297,22012178.407826945
719,71409974.20105018,197211510.6263755,69333500.96956897,23036951.159746002
720,-40475705.30560065,168476472.45974517,63688005.34042811,24696562.355518956
721,48093009.42562641,191223131.4548306,68156980.22710288,23382813.97224684
722,-81375866.19230925,157972289.1783537,61624276.71550304,25303238.43073966
723,-197386500.67084643,128177859.50536227,55770645.28768918,27024035.48589682
724,-162109062.3853434,137237987.12870672,57550664.18310337,26500761.80337581
725,-119510709.26792386,148178308.60739863,59700079.70610329,25868896.27718078
726,-80316865.93360434,158244266.90585676,61677711.44779529,25287530.176623285
727,-108484647.75081964,151010076.71140128,60256429.565852314,25705345.63138093
728,-221201818.50919026,122061490.81499234,54568978.78885029,27377290.417981822
729,-180648338.01407808,132476637.90937518,56615214.713689916,26775756.68681967
730,-55943609.34003497,164503928.2096937,62907530.260834225,24925999.28456904
731,27099886.650122866,185831572.9743282,67097715.239897124,23694207.009730153
732,-229075255.2152138,120039395.53659983,54171703.17050334,27494077.87249917
733,-6660824.922145437,177160978.6691467,65394226.907356784,24194982.936994977
734,22655335.692233395,184690101.2330685,66873453.35833283,23760133.467543364
735,76512676.21486117,198522012.00390944,69590971.64895172,22961262.283134136
736,-95844355.6603443,154256419.56116316,60894229.81037424,25517850.94605844
737,-87889665.73754029,156299382.69588584,61295605.28030372,25399858.254652362
738,-162363655.79792204,137172601.1788722,57537817.981478095,26504538.212293815
739,-82315695.0664029,157730917.6401348,61576855.098865114,25317179.0040859
740,-90367888.84934337,155662913.07781592,61170559.80703661,25436617.97975843
741,-148756450.4277596,140667271.518963,58224406.45983211,26302701.2079955
742,-247105344.01879105,115408818.21693733,53261946.10434041,27761519.93810702
743,81859137.87901339,199895116.95043397,69860741.88308205,22881957.695856106
744,45330400.05508789,190513624.3396169,68017585.27331649,23423792.026456412
745,-31494516.41080783,170783066.17945057,64141175.60203647,24563343.50474495
746,-242476619.10286993,116597590.43255723,53495500.98284467,27692861.61000567
747,-170321054.1612894,135128942.44895032,57136305.8498488,26622571.078255802
748,-158858933.7141302,138072701.38192493,57714658.24642406,26452552.32781981
749,-56295706.61275411,164413500.83227482,62889764.23732954,24931221.977746464
750,-256373627.6128826,113028491.40488888,52794289.700513,27898997.292540435
751,-220638462.8728499,122206174.61889324,54597404.42650875,27368934.108879615
752,-112685439.05837172,149931208.5391438,60044467.23905522,25767656.37852092
753,-143871813.40137556,46856641.29750446,103020803.11882298,-20099767.1862863
754,-8655626.916504253,81583536.6117347,109843502.79902703,-22105442.067374866
755,-169520745.49839777,40269354.64928395,101726616.63593836,-19719314.075079095
756,-174133219.77096674,39084756.004941866,101493881.72777022,-19650896.79436253
757,-149711211.24732906,45356938.022576965,102726160.45175868,-20013150.828550007
758,-229867509.60122243,24770797.752874132,98681656.86559494,-18824184.637823787
759,-224271871.40561017,26207897.45881115,98963999.9779117,-18907185.284893904
760,-157224425.35895947,43427356.90724816,102347060.84209427,-19901706.590905987
761,-203232705.14059773,31611281.05790058,100025588.21434759,-19219261.289947502
762,-290049058.8299266,9314672.1643357,95645033.460136,-17931505.84890888
763,-213722495.4269511,28917240.80567692,99496297.37504321,-19063665.20761324
764,-225087112.01397377,25998523.300298546,98922864.800367,-18895092.741443705
765,393293202.73404086,184814039.496192,130124921.93091461,-28067588.25764065
766,123651694.4076277,115563362.66934517,116519427.7925765,-24067969.4678471
767,68491593.97595379,101396870.60201056,113736175.21491787,-23249774.318655346
768,-104997566.05305889,56840519.361063994,104982308.77762377,-20676392.68841482
769,121658282.15594782,115051404.59404524,116418844.76708522,-24038400.9895104
770,417084144.60735047,190924147.82966292,131325358.47427876,-28420481.61865903
771,-148606167.49911523,45640740.86866714,102781918.43328108,-20029542.050236654
772,218252106.26452178,139859112.19933942,121292748.32839428,-25471186.602825493
773,98528199.77911907,109111021.49205977,115251753.68325895,-23695310.22185364
774,148065577.6095872,121833457.90134726,117751296.53140679,-24430102.9783457
775,-30526284.433236405,75966605.28286664,108739959.41472998,-21781032.471493326
776,-112824959.26957361,54830249.201258615,104587356.40850693,-20560288.201467738
777,-171373318.84099764,39793567.52497449,101633140.01988702,-19691834.67402705
778,-40458135.96437029,73415857.64412831,108238820.8896559,-21633712.349139165
779,-52925087.859047435,70214032.88787076,107609766.99517672,-21448788.835845944
780,-63715515.047488384,67442781.56722552,107065306.70501703,-21288733.377023388
781,-135402519.7723016,49031767.52233634,103448144.31547213,-20225393.044665176
782,-196957248.3645954,33222975.16181813,100342233.41826843,-19312345.75233082
783,-214275017.30106416,28775339.382650033,99468418.38431232,-19055469.596780784
784,-88362324.13755184,61112865.147076964,105821685.05831689,-20923144.854110453
785,196503328.57295418,134273482.65498483,120195354.72150125,-25148584.862287898
786,62619694.84328201,99888820.18456924,113439892.60725072,-23162675.866174422
787,-106947643.25579531,56339690.809158385,104883912.33967333,-20647467.003096316
788,-84047778.32651106,62220948.31820847,106039387.17734915,-20987142.93290169
789,-79749483.15882635,63324857.91807393,106256269.32606487,-21050899.964315195
790,-92308522.03252134,60099382.9246422,105622568.93312547,-20864610.515881415
791,-179382177.57498854,37736692.48603172,101229031.3155692,-19573038.49136183
792,-253723454.04796243,18643995.134357363,97477940.44099505,-18470327.087305285
793,-147341325.757906,45965583.83222481,102845739.45627934,-20048303.571148656
794,-201093037.09872,32160801.274615366,100133550.97272174,-19250999.1946962
795,-178900075.1554255,37860508.433593065,101253357.1016295,-19580189.563569684
796,-149123479.6459575,45507882.18338571,102755816.0449065,-20021868.70872407
797,-160683103.9532533,42539081.82281492,102172543.82643223,-19850403.6740216
798,-237703028.13942203,22758440.80745629,98286294.51135413,-18707959.627200127
799,-239772276.72676358,22227006.066248216,98181884.95771906,-18677266.26110062
800,-117559313.36732015,53614348.77244185,104348471.7229992,-20490063.06543039
801,-129552288.16411145,50534253.17811026,103743333.62941809,-20312170.10065472
802,-85426374.57121977,61866890.35580913,105969826.36216955,-20966694.080357775
803,-244103073.1811605,21114749.323850676,97963362.86837034,-18613027.134931643
804,-264305331.31333447,15926304.644961918,96944003.10323447,-18313365.069831897
805,-244373917.2370952,21045189.802750144,97949696.69642858,-18609009.678635888
806,-257883618.74712127,17575560.890255533,97268028.03997359,-18408618.95860405
807,-269928053.91454005,14482248.98691485,96660293.37372355,-18229962.677132197
808,-332211353.0172981,-1513658.485363745,93517620.47399652,-17306108.4273623
809,-220087330.741425,27282592.059834942,99175142.33444609,-18969254.984675493
810,-175232846.6380688,38802344.349294245,101438397.0697209,-19634585.92181409
811,-55473730.42539435,69559477.7943171,107481168.3172087,-21410984.5721044
812,-55833953.01978758,69466963.63125336,107462992.30852616,-21405641.355231065
813,-216969915.65761587,28083222.147702064,99332439.97349575,-19015495.90663954
814,-165160156.1978549,41389262.93902308,101946642.00423494,-19783995.121452916
815,-194641531.68635392,33817709.06723004,100459079.1883744,-19346695.00366089
816,38739374.43151309,93755757.20913756,112234946.22714967,-22808456.74457987
817,-133785579.17065495,7835550.29863911,127518269.73287906,-12627443.350931881
818,-57551102.74669709,27414468.702806227,131364887.14932613,-13758236.77449569
819,-279001328.2006373,-29459482.534622673,120191014.98458533,-10473443.98340436
820,-246987560.78914875,-21237547.140539777,121806356.50810128,-10948307.31756161
821,-223662470.69204685,-15247081.183361843,122983287.23572564,-11294290.653751312
822,-170996844.01553217,-1721232.3053631545,125640674.36980075,-12075485.030459242
823,-239848111.47470832,-19403958.16432971,122166596.8004861,-11054207.465517491
824,-196429100.86780643,-8252871.336703221,124357420.82446952,-11698245.884288633
825,-241630265.36275908,-19861659.813171215,122076673.3891093,-11027772.603091475
826,-278045248.68318766,-29213937.4251378,120239256.57153974,-10487625.604128344
827,-302594553.91311455,-35518812.417690136,119000554.74673863,-10123483.365481868
828,-319568350.8985463,-39878107.60506057,118144095.75114857,-9871709.379427427
829,-300330297.6055,-34937294.82128967,119114803.94417177,-10157069.300114311
830,-252117347.20855305,-22555004.470183823,121547519.21152437,-10872216.695320165
831,-311050305.3393979,-37690460.666448765,118573896.85871696,-9998058.37992866
832,-154735366.89720896,2455121.3415128645,126461191.33318397,-12316693.106455874
833,60528780.319181785,57740333.11700576,137322928.130775,-15509727.195752358
834,-290062599.4450131,-32300293.37636845,119632888.5224839,-10309371.068286065
835,-318444348.0664169,-39589435.59249333,118200810.36470689,-9888381.823054774
836,-272105638.53653836,-27688497.12740312,120538955.72222252,-10575728.42069407
837,-212747455.23787594,-12443832.483010324,123534033.96497852,-11456194.142469894
838,-199654853.57398948,-9081325.23301055,124194656.71664315,-11650397.979806287
839,-312545364.5281578,-38074429.2229237,118498459.5895984,-9975882.021176133
840,-246253573.39756545,-21049040.838357296,121843391.8340635,-10959194.624123076
841,-203622718.99343377,-10100372.217133354,123994447.2976964,-11591542.2450736
842,-188143981.19676206,-6125045.586237875,124775469.02416788,-11821139.87237552
843,-222966401.4682945,-15068313.214133434,123018409.29761598,-11304615.516431374
844,-264638467.91441682,-25770741.130661387,120915732.08265685,-10686489.690767799
845,-253913043.29940045,-23016184.09508032,121456912.49155046,-10845580.960079366
846,-159534723.56837296,1222526.6276114546,126219026.76637597,-12245503.780895233
847,341050094.37249464,129785215.90646121,151477392.39601353,-19670727.204946037
848,219587369.04799017,98590553.07371593,145348660.92701203,-17869058.754555486
849,-37790320.42569671,32489531.362301204,132361971.05419685,-14051350.385833357
850,-161593138.39351293,693874.2673539286,126115163.85979587,-12214971.113111274
851,-18227254.265564486,37513815.57149923,133349078.65372737,-14341531.254138846
852,-165092443.59619007,-204834.74526497093,125938596.91830833,-12163065.57777023
853,-187155400.39263588,-5871153.334114397,124825350.55193263,-11835803.587918704
854,-275829744.305677,-28644940.542428866,120351045.85820055,-10520488.396691259
855,-296603483.3958734,-33980155.81083978,119302850.47026764,-10212349.49880749
856,-191908713.57429096,-7091922.929428755,124585509.2343547,-11765297.229928348
857,-101733893.59137076,16067224.025782794,129135524.52064417,-13102869.129034247
858,-214502524.72036898,-12894578.179635154,123445477.17097335,-11430161.025737224
859,-280230960.21461684,-29775282.760312434,120128970.56414714,-10455204.731885439
860,-248658668.61430198,-21666729.385623403,121722036.22739804,-10923519.612280617
861,-190977010.0218754,-6852638.1768428385,124632520.86583456,-11779117.27958578
862,-178301508.20412853,-3597252.589337877,125272097.7127089,-11967134.234226726
863,-283413377.8718503,-30592607.133243695,119968393.04383148,-10407999.620410414
864,-164282619.86894512,3148.2228257277225,125979458.77241439,-12175077.77209457
865,-182505007.95223606,-4676816.356818146,125059998.72417283,-11904783.312516732
866,206841447.77566445,95317082.01083143,144705530.8756103,-17679997.261341427
867,357257402.6795951,133947657.64922369,152295176.12518585,-19911131.789747298
868,-121212998.09419902,11064503.268232744,128152653.43459332,-12813933.672244344
869,-222988068.99280515,-15073877.975714657,123017316.00403841,-11304294.11999162
870,13875891.684382923,45758705.60754572,134968930.01398468,-14817720.348873898
871,-125730676.94719087,9904250.456275849,127924701.68660478,-12746922.501231287
872,-70129100.70434333,24184124.54300432,130730230.12452856,-13571666.10418512
873,-120739020.99631402,11186232.430161012,128176569.23549528,-12820964.220763294
874,164383933.5673301,84412931.48311439,142563221.7620243,-17050220.812421713
875,225134255.3134975,100015132.06596398,145628544.12856096,-17951336.25955768
876,-159621393.6663087,1200267.580968468,126214653.5915363,-12244218.194945898
877,-205459041.69270805,-10571985.770085793,123901790.65211293,-11564303.891453737
878,-282587303.50125015,-30380450.593884528,120010074.86825812,-10420252.862113971
879,-291468280.0953511,-32661307.29077102,119561961.09028783,-10288520.47017644
880,-282071038.8848785,67372319.93326892,87156597.82206899,10158971.855283383
881,-191408699.60127574,90656674.02646141,91731212.21785353,8814168.534845153
